Vehicle_ID,Speed_kmh,Battery_State_%,Battery_Voltage_V,Battery_Temperature_C,Driving_Mode,Road_Type,Traffic_Condition,Slope_%,Weather_Condition,Temperature_C,Humidity_%,Wind_Speed_ms,Tire_Pressure_psi,Vehicle_Weight_kg,Distance_Travelled_km,Energy_Consumption_kWh
1102,111.5073664,30.41514794,378.0915252,25.31478638,2,1,1,6.879445724,4,0.741770214,42.17253328,7.829253297,31.11202026,1822.967368,20.75750843,12.05431684
1435,48.61232334,97.38553378,392.7183769,18.2407551,1,2,1,-3.007212319,4,-3.495516154,57.01842689,4.495571703,31.50436558,2091.831914,0.64291763,4.488701048
1860,108.7333203,84.91260022,398.9934951,44.4491453,1,1,3,0.029584526,1,9.248274673,69.02891114,5.144488601,33.83801471,1816.702497,40.8428236,11.70137694
1270,38.57948415,28.7779041,358.1282732,28.98015487,1,2,2,8.271943046,3,2.86840899,86.63834947,4.518283254,33.25601449,1283.102642,5.305228736,7.389265565
1106,57.17243836,29.74015981,310.8881616,33.18455111,2,1,1,2.776814426,2,16.75024402,27.18918475,4.26340572,33.57967828,2160.350788,5.825925674,6.761205202
1071,27.12347974,67.55790839,345.9129908,19.75870477,1,3,1,1.019222312,4,1.629873672,31.00586926,10.40132509,34.07530665,1275.074773,2.510091061,4.319060504
1700,76.85712506,47.59113393,378.7601146,21.2628918,3,2,2,8.582446484,4,1.206748143,55.62096266,9.75395549,31.33249644,1831.921072,10.10103953,9.285725137
1020,117.4777338,22.79246873,302.7725325,21.74116699,1,3,3,-3.599832133,2,34.46405428,49.29324728,3.063963519,33.46176647,2320.219762,8.92313245,10.15437538
1614,72.41917153,63.33132063,305.6887438,34.45574968,1,3,1,2.096841744,1,36.45826156,48.75573125,10.3727808,28.47623166,1352.59361,17.45850522,8.734982031
1121,42.93769009,51.02760797,306.7157782,26.57971727,1,3,2,4.78561147,3,38.38972939,40.78730521,4.366028939,31.11182496,2118.616286,32.99759267,9.139607591
1466,77.73809352,28.08611939,373.1035758,28.11892784,3,3,2,4.128121585,3,25.62260993,59.2479359,3.025775018,28.21092872,1260.226303,2.809281959,9.355296347
1214,14.75048142,84.15363138,350.1166629,30.72010438,1,2,3,-1.035853184,2,29.69574272,81.83018353,11.20877821,34.40720546,2490.977504,43.02776043,6.935742892
1330,106.6390896,93.20614122,336.8897944,36.90840797,1,1,2,3.449693568,1,32.61031399,31.26470384,5.443021392,34.70889647,2086.712294,16.39627291,9.893371837
1458,60.37007409,80.52751472,310.5617045,13.1629412,2,2,3,5.628426464,2,24.65149266,35.07004306,8.540257865,28.58757342,2459.686505,30.36970582,8.731184312
1087,53.92196904,85.7937848,373.224025,37.19058693,2,2,2,3.77328111,3,9.860939712,66.95764485,3.001859407,31.72838651,2068.691154,0.699055099,7.207605095
1372,70.30377461,37.31924538,332.1019811,29.71322741,1,1,1,5.26693339,2,2.03741493,23.9338358,9.20540756,30.27597724,1514.968082,18.35381496,7.948397966
1099,74.97406353,41.08583607,326.532407,33.41834057,2,3,3,-1.158818909,2,5.677298822,67.16349397,3.119901519,30.39773999,2404.273868,0.202340504,8.199243244
1871,8.613096747,36.68220322,365.2319202,21.46431177,1,1,2,7.492734254,3,32.81863231,42.01193056,2.503153852,31.15490043,2014.67124,8.356367852,4.371990694
1663,81.91406655,81.20507451,355.9010893,24.32853929,1,3,1,1.745343055,3,26.32437572,45.0497752,5.797928577,28.87546176,1948.718166,22.44773648,8.607421885
1130,29.03180164,95.83336631,336.2410642,18.09080369,3,2,2,9.808357662,3,15.51080936,48.38845617,11.85092759,29.26539139,1757.845461,26.80086236,7.185772096
1661,85.6743159,77.34697654,364.1487471,44.27549991,1,1,1,-4.65072019,2,-3.676771527,44.4711293,2.648015224,32.04158062,1569.972082,7.731137126,8.010846035
1308,98.70417533,90.51734119,327.122152,27.39510404,2,1,3,0.704730569,2,6.97919667,78.88467349,1.755398513,28.13129137,1889.090441,37.28629225,10.10417532
1769,96.47502091,71.09592759,379.4830262,44.86269205,2,3,1,-2.292874215,2,27.80038719,86.22479202,0.474715387,32.19860715,1675.875021,9.531282909,9.575673651
1343,66.30011609,51.01279204,322.931895,27.14250923,2,1,2,3.334142905,1,18.05742558,58.36080327,6.239486348,30.23242031,2310.231726,5.880670099,7.300779003
1491,62.42038708,54.06092919,315.8837695,17.69129425,2,2,1,-1.351923584,4,14.59896225,60.73149492,4.230375973,33.8254449,1237.438105,16.73788319,8.552035882
1413,17.14511536,26.02571457,378.2439409,27.76083389,1,1,1,6.062169199,1,9.115573035,24.93381756,4.381626759,32.20004555,1889.11893,27.61629032,6.100899915
1805,93.04153805,22.51657562,370.7892031,11.38584501,3,1,3,8.227987935,4,22.31193238,69.92343499,14.72912914,32.9566384,2287.534355,49.44620064,12.82405127
1385,32.56912565,75.63804834,318.2638976,41.66694305,3,2,1,-1.836734696,3,38.48734234,60.88692111,2.911851044,28.80097627,1235.888283,20.99391491,6.626022635
1191,59.60345074,55.07431136,311.6245753,38.64925879,1,3,1,-2.589835725,4,35.55056395,23.52761667,6.876405758,29.86103655,1566.993479,21.35722122,8.658945042
1955,34.11289115,64.17720544,383.8399088,35.40371822,2,1,2,8.130357786,1,-3.627592786,33.8897967,14.79552257,34.97668726,1266.979324,3.060740159,6.282458617
1276,16.05940356,64.61289981,377.6598482,31.34393504,3,3,2,0.419078726,3,16.64292202,34.13603943,0.459270789,31.03556573,1973.504901,38.31440169,6.920138536
1160,75.54692363,42.19006507,332.7257374,30.29419818,3,1,3,1.518754524,4,9.826118412,31.96775664,10.44986167,30.51205644,1611.756897,9.170971793,8.303310681
1459,6.519844179,58.07140087,365.8197408,44.88548749,1,2,3,-1.685457463,4,17.97720981,66.10521682,5.566244284,34.11698751,2447.649049,37.26569787,7.284021895
1313,89.8374281,57.66081773,312.4160187,19.72991019,2,3,3,1.379723021,4,22.27961604,84.99077307,13.5914642,28.23152226,2001.181688,45.5397822,12.0527017
1021,38.11041543,51.0741777,350.7047659,37.28895279,3,1,2,-1.530498904,2,4.00126306,73.40827278,13.67912157,31.74341353,1930.342606,38.43421603,10.3035319
1252,0.016163161,85.65403067,301.8730292,30.34916696,1,3,1,4.98891161,3,30.17056313,53.41614396,5.808191039,29.4718005,2392.411695,32.15842568,4.858111653
1747,61.33549671,56.0931203,339.1601881,44.15581903,3,1,3,2.483146187,2,16.37806225,48.28359086,3.321951979,30.57706954,1490.648028,30.23542314,7.853329086
1856,5.622229023,68.29156196,307.4842821,38.97311142,3,2,2,6.820906689,3,39.64027247,47.05206737,6.420051575,29.3984395,1930.914937,22.73628133,6.121219414
1560,33.14034694,91.64160963,347.514718,44.94837895,2,2,2,-0.309078259,4,-3.869267642,62.08728704,14.47959412,28.26475932,1905.617425,7.312680486,6.696408186
1474,84.83717849,89.29868983,342.1681647,30.59137481,2,1,3,2.583925232,4,3.537362928,45.14544613,4.220978837,30.91558494,1306.748505,38.9640466,9.915802095
1058,7.522754595,91.2337763,344.4385027,17.15903851,3,1,2,-1.107150155,1,26.03334103,35.82853798,14.71976697,33.52442115,2411.677722,23.91838129,3.539492588
1510,100.7206191,41.60039972,304.5331302,27.62904625,2,3,1,9.017108954,4,26.28308859,62.19900346,12.29087247,34.66368103,2110.305152,31.31972657,12.14370131
1681,0.458390719,22.79859906,336.1616341,34.88888969,3,1,2,2.829035017,2,21.1984701,47.34937894,4.011784973,32.36697082,2354.537605,18.76335992,5.291101589
1475,29.6188643,40.88534399,375.6483849,37.10261352,3,3,2,-2.398062555,2,38.73820129,20.98873804,11.86604201,30.72185965,2477.298603,10.11606371,5.443490693
1699,88.90848674,42.29658765,336.8914373,10.01784962,3,1,1,-0.908515112,4,13.68917539,21.55617795,0.746991647,33.38898691,1823.550151,40.34477234,9.151082507
1975,37.95241797,92.74882614,371.5171953,27.6759481,1,2,3,-3.756470538,2,13.76665654,39.18956278,8.220950648,31.53656788,2244.757795,17.1857503,4.791202562
1782,12.22708657,71.93941863,336.9478724,18.2332103,2,3,2,-4.582760066,4,35.97143635,55.86955397,5.360237088,30.57334196,1950.827656,43.34733345,6.56844561
1189,43.22807026,26.53631677,342.3239441,40.62191416,2,3,1,2.888827391,1,19.22988019,44.79676554,6.404039976,29.25362785,2470.259963,48.28967264,9.796015557
1957,32.44719437,30.83028768,356.3892113,15.35169054,3,2,3,0.056843838,1,10.91774477,21.68386067,7.092815071,33.57290989,1521.390659,41.51642751,7.086777961
1686,101.1254283,32.45409004,395.0681937,33.32596874,2,3,1,9.456601829,4,27.35220936,35.62062346,7.540691403,31.50298053,1217.962322,6.49408846,11.14760266
1957,37.60175011,70.43373985,310.8860447,19.31217666,3,2,2,-2.430029055,1,22.88517782,26.74935161,9.846184117,34.74662619,1441.731843,42.76504528,7.05731027
1562,94.67189661,78.83312204,303.2913769,22.47897501,2,2,1,6.908689791,4,8.788452263,86.4042401,10.45165542,33.6133672,1366.424417,26.01595549,10.61160608
1875,107.0246574,88.77151285,360.7957184,42.91957413,2,2,3,-0.260428367,2,8.406795914,41.89838529,14.63556055,30.94011283,1768.038005,12.14643888,10.36102966
1566,52.05809035,95.25092406,394.9097089,18.41568439,3,1,3,-1.646939209,4,12.80257589,21.03364601,11.44168003,33.18595029,1300.633265,4.748486078,5.350501384
1243,109.1931773,36.13636459,398.9723133,13.32509666,2,2,3,9.544552285,3,-1.777097045,66.23942764,10.31696664,31.17374045,1486.257058,13.99764097,11.75231342
1831,45.27816648,44.78179878,348.4164247,12.42497155,3,3,1,7.038648981,3,37.41776061,36.27135584,5.886883259,28.5590601,1325.145645,6.957611401,5.710211058
1504,115.68941,39.22583046,346.8081621,27.66152885,1,1,1,4.459313372,4,3.235901809,59.67153785,1.767120967,31.61676736,1832.778612,1.379664652,10.27791928
1130,10.71474294,48.7009254,364.4963771,32.45990188,3,2,3,5.456815558,4,3.722093605,30.55218182,0.881826292,34.06010034,1546.810194,49.38944102,7.902831524
1484,82.44231198,93.17320859,355.5634757,21.45527752,2,2,3,9.870722123,4,24.11672823,88.88092646,7.165270655,33.98808923,1812.309488,41.5939582,11.23915774
1818,59.25768485,66.00900536,363.4088058,34.15909096,1,2,3,3.898111132,1,27.59111713,87.91814306,10.02385069,32.0247684,1315.55453,36.97356823,10.5824939
1646,46.51785665,79.05535179,387.3999426,12.13618015,1,3,2,-3.471493238,3,28.15759568,65.91883462,9.752397769,30.66016475,1871.931866,9.731387183,5.529531286
1020,75.92542545,59.20953889,374.6306169,40.00671257,3,1,2,-4.027008099,4,11.87837606,69.50418353,14.2929213,28.07070422,1369.089962,1.484048304,9.572165349
1840,84.462851,22.30863307,349.6877392,38.57985234,1,1,2,4.999101662,4,34.29980288,49.81152239,5.736449599,30.17986845,1329.150387,24.31167374,9.312349901
1166,0.523592358,25.13563888,346.1864459,44.4923695,3,1,3,4.864017159,2,19.47995778,87.35255418,9.416757199,34.92866004,1603.025416,37.11055205,7.852141864
1273,20.03437065,63.0338425,363.9601749,42.77767433,2,3,2,6.222606895,2,14.73643985,49.66177343,13.31810733,33.08543723,2336.742719,48.14558443,9.215362952
1387,85.56552608,77.50312279,345.5706284,22.46690074,3,2,3,-3.368319047,1,31.46739074,36.76275982,6.061166349,33.02311995,2225.077824,42.20979606,10.00128851
1600,79.96624963,37.2264422,345.7779351,23.97463844,1,1,1,9.173534121,1,5.960256215,28.07650267,7.166147293,33.32758373,2446.894743,44.68576756,10.88198548
1315,115.9257006,77.75276592,301.6305902,36.10876966,3,2,3,3.267376209,3,33.70834495,34.56877102,13.84459344,32.34079368,1798.253844,12.00927111,10.48148917
1013,91.32453483,84.85326188,317.4064137,14.69289702,3,3,3,4.743332815,3,19.24732276,60.05494528,8.253629295,32.1010106,1606.17385,7.850768279,7.826709195
1241,114.0927249,52.95179827,348.851364,20.99051486,2,1,2,-4.477214249,4,35.5026171,37.15642026,11.99414907,31.17533479,2462.178751,12.46431033,10.22819743
1776,84.30486018,79.71353863,382.2653459,14.14893279,3,3,1,9.414613218,3,4.072563898,65.79745999,14.03435754,31.10753796,1696.298502,7.015115716,8.469874215
1345,35.76626504,52.32239603,327.8727007,25.92102572,2,1,1,3.438877731,4,37.12283842,46.75291639,8.565870578,34.09593919,1211.834428,39.9443428,8.700090998
1564,12.64379067,74.26805036,352.2643433,29.3201498,1,1,1,3.450446695,1,25.95445339,82.08110338,1.637804535,30.75419383,2266.141198,45.16184874,7.307512093
1897,93.8188636,81.11976395,334.4962085,17.39061645,1,2,2,9.153329743,1,22.82478371,59.09346472,12.32549931,33.88204249,1419.973703,15.43636711,9.224461767
1339,77.29790658,99.35412946,310.480399,10.93210904,3,3,2,8.940252673,1,13.99303838,63.58228372,12.26673248,33.86414098,2133.286157,43.85861653,10.34096906
1091,5.782321487,47.63173297,395.8298483,35.17745411,3,1,2,-1.695521123,2,38.034175,58.95918621,1.724777915,33.3962874,1219.658458,2.84625549,4.876572322
1366,43.20605591,52.88326245,385.467387,10.70018075,1,1,2,8.966482329,3,14.97638327,81.98981419,8.221772274,28.2634968,1344.287213,33.90009133,8.588989029
1955,114.8159779,33.24960475,307.8492424,44.06909131,1,3,2,6.049319341,1,17.43443286,24.43936976,7.306284532,29.03580571,1828.632619,26.42191117,11.5969884
1454,60.04813749,36.32584467,371.9787262,17.75625399,1,2,3,-4.71648909,1,30.16741489,24.7144095,12.70744399,30.202936,1288.267434,13.90949045,6.746085864
1427,51.92749632,75.47160021,334.7579904,33.23650322,3,3,1,-1.402352769,1,7.817909333,69.12181714,4.119417487,33.9327334,2355.220164,38.43323466,9.137619992
1508,54.92395262,93.36364721,399.4849807,25.21631042,1,1,2,1.194702182,3,8.117289077,73.75747314,6.394165624,34.11281567,2174.82978,10.68115934,5.52727249
1775,25.06592688,51.56839613,330.239852,12.08858511,3,3,1,3.742336833,3,29.88839594,50.35125928,9.071865671,28.29090106,1626.640906,20.86585942,6.538169616
1942,44.2448605,34.38755575,323.8738445,26.52642623,1,2,2,5.519945957,2,0.786090514,44.66136456,7.75867789,30.27307187,1976.776539,35.52198087,9.010626144
1034,44.37759072,42.80795995,356.7890548,28.0866222,1,2,3,-1.846844091,2,32.03340341,39.45615463,14.32551412,33.95268943,2130.184756,16.97762616,8.1666802
1205,6.282602422,56.40413638,383.5126163,39.91391228,3,2,1,7.550507714,2,23.13287537,36.40764201,14.40985992,29.74785274,2182.018945,42.78247326,7.278272326
1080,92.10811542,43.25202635,319.2518872,35.63221744,2,2,2,7.685729858,2,19.25876949,83.83710128,1.223587362,34.83202315,1714.378741,43.28480783,12.5402427
1931,49.98053183,38.68632665,370.940277,12.77558662,3,2,3,4.524982289,1,5.309922198,40.65976825,4.467704884,31.42512637,2368.440287,10.20626794,6.835302057
1561,98.66158642,78.8787591,306.1406583,17.32069392,2,2,3,8.816408658,4,30.38656762,65.36551571,0.113022236,34.56118883,2424.320149,22.07546043,9.172039765
1871,102.0417601,20.6275937,391.8934743,20.91606895,3,2,1,7.194736403,2,31.22288903,75.09663463,6.267905228,31.00178476,1454.429827,21.6574309,11.44327249
1387,25.43928656,63.13844219,308.1074916,14.07426903,2,1,2,-1.675645111,4,16.73238405,21.53766049,9.932085793,30.26659249,2384.61044,20.56125225,4.361634537
1001,78.88241786,83.50134456,391.4231376,25.99146748,2,3,3,6.980152995,1,12.51260387,22.37119049,7.069271716,30.53687123,2126.484664,25.1484097,8.962841117
1389,56.6738165,41.29826291,349.0807249,44.45082168,2,2,3,9.298031181,1,6.077282689,43.31961832,1.007728103,34.19010408,2354.579483,3.810879073,7.965740665
1565,105.6188086,68.26332085,344.8091113,28.01144769,3,3,3,-2.935903295,3,28.94053077,68.7211021,2.939343563,30.3148257,1752.180549,43.51549477,12.15220058
1105,25.8888815,73.51200845,397.330708,35.96587589,3,3,1,9.680468272,4,23.77533654,38.25590447,2.599370225,32.68542355,2059.556804,14.56674744,5.579494879
1771,81.33758404,72.40197571,399.0384178,33.90282292,3,1,1,-4.625108048,4,4.298396322,20.10383033,7.666924346,31.28889877,1505.993712,0.190438433,7.275334291
1821,72.93025467,55.66797074,365.0178126,39.74690023,2,3,2,2.832508672,1,30.75106359,40.170353,10.16520024,34.59169832,2176.432278,34.28668624,9.403842026
1476,35.43617731,47.72623903,312.7119292,17.55032217,2,3,2,6.608397085,3,34.6992391,26.30915717,4.744881347,29.1155443,1956.253554,32.55855698,7.330688663
1702,16.39210844,86.87392584,350.6170086,36.38391916,3,2,1,6.856571538,2,-2.333873176,35.35893141,1.956900965,31.00059781,1825.228645,49.15979444,6.700808608
1401,78.19677126,80.67567656,352.9163101,40.84743341,3,2,1,6.020088537,2,29.75892871,43.32330005,11.97896472,28.87243668,2100.486093,35.990436,10.12735924
1729,88.63169498,45.70041387,351.4446428,16.0028438,1,3,1,2.940270591,3,33.376087,28.96401485,12.87542755,32.04697539,1918.048852,16.7020348,9.534668266
1555,37.87528125,28.24153556,356.9491839,22.13807769,1,2,3,4.764464831,3,39.61785548,69.44553092,4.147323202,30.82029434,2194.961334,47.63561583,9.86172414
1161,77.37991248,25.74460364,301.8724714,43.95356175,1,1,1,5.498982785,2,5.692067452,37.91441624,6.311215535,28.42656063,2315.966887,18.33075538,9.215746595
1201,47.41570891,27.54207823,371.1227281,37.32757461,1,3,2,2.418088363,1,11.69514423,66.27663595,1.228966539,33.94886677,2240.788196,41.08010983,9.498527406
1957,85.58482599,66.6295489,371.2394302,19.89067914,1,3,3,3.935274627,1,38.47859915,61.9322997,3.415458948,30.62860348,1599.758621,16.85013606,8.806784782
1995,23.90583299,24.13297407,311.5469775,29.73796194,3,1,1,7.695520802,3,-0.769300237,82.86318414,11.50500567,31.45541519,2468.954978,2.530544843,6.186641601
1269,106.8258003,46.95415,357.0239442,24.1514143,2,1,2,-0.306814683,1,18.56685298,26.15532206,5.477968344,30.85259335,2044.663642,36.71586456,10.98319321
1862,34.48915158,80.25597615,356.8361182,27.14878117,2,1,1,2.848094905,1,17.80350609,35.0225678,9.070383981,31.42056875,1620.506419,17.57552544,6.779415624
1815,44.13431853,43.54785332,368.245042,22.4308167,3,1,2,-4.872804185,4,22.29464825,80.56249003,14.19276721,28.11427638,1255.355138,17.01049618,7.486788288
1270,6.97103425,81.06464617,308.5397692,19.77658565,3,3,3,5.311545997,2,9.885667668,77.54920195,10.85456769,33.70821671,2484.525333,35.82099618,7.831202867
1455,13.38146548,79.63736306,362.6503307,33.61670645,3,2,3,-2.069218031,3,36.66631399,33.447389,6.801782769,30.32615608,1978.722611,16.16968927,4.923830478
1461,61.90342833,39.66617061,328.0751951,37.24896353,1,2,2,2.215018806,2,7.152756743,27.54152084,5.503204655,33.07123235,1495.802341,5.98883394,7.455535748
1726,32.11112121,78.30577441,350.700299,40.5884993,1,2,2,-1.846921756,4,24.23629829,79.93690252,2.857905224,28.45420757,1838.460941,20.28506157,7.166679954
1251,100.2576271,79.82213106,377.3323553,15.43654886,1,2,3,-4.646994281,1,17.31671602,32.46966398,11.34210109,31.66677677,1716.802624,41.20981757,9.20591659
1701,1.763206639,51.79631405,370.5645936,38.79994333,3,1,3,2.248308275,1,7.000305362,80.97767942,1.686378287,34.3615438,2436.774812,6.597203952,5.270274338
1295,45.49128584,36.8336387,311.8903018,18.91802886,3,2,2,1.372504099,4,3.498420808,87.27802896,0.920905356,30.78773625,1840.459229,27.76859071,7.271307378
1724,40.48146561,61.70166455,359.1184787,24.95677365,2,2,2,1.377242703,2,38.04529559,35.4564647,1.572430129,29.38081307,1830.067965,6.699738768,5.71481921
1719,2.31931571,93.71180704,396.9116531,41.550529,3,3,1,-1.867907601,4,20.25811577,78.82713199,3.643580803,28.6935681,2232.97962,2.554224137,4.18354034
1748,14.92420788,71.16933859,315.6769437,25.90762603,1,3,1,9.208068846,1,22.18859105,49.6681763,9.406851223,34.01361574,1708.185034,18.99761775,4.835628033
1337,49.63712099,33.83379981,385.2907088,16.89722369,2,2,3,-4.947392723,1,30.23029566,75.21448973,12.919952,29.67164359,1455.473853,32.92837748,9.03667064
1878,59.14375013,74.62055398,370.2548081,15.59540293,3,1,3,8.37318175,2,-1.344800363,48.51768787,14.88933605,34.82549778,2198.918313,13.82186793,7.141403328
1052,48.51476967,54.17624218,377.4003313,26.55443183,2,2,1,6.053528847,1,27.11939205,24.92769191,10.97226222,29.73475948,2383.141229,22.34198427,7.405308635
1791,63.71252141,67.32230379,328.1958327,36.69353484,2,1,1,-2.418919497,2,2.431306191,69.88866908,2.189656435,31.36693697,1259.444123,24.61741314,8.59515581
1921,71.41580099,78.7251228,328.7888929,44.90218004,3,3,3,2.082879795,3,28.32164883,30.54820479,4.165571372,31.20595892,2317.870079,42.08038504,9.757777352
1216,1.190858535,61.19578812,390.6019456,37.559302,1,1,3,9.832751223,1,1.359790223,84.89175625,1.979801164,28.43406734,1769.222155,40.9670625,7.638887898
1763,55.69141913,85.11871797,335.9832032,40.69541856,1,2,2,4.655473555,1,32.46221649,49.24223981,1.733276723,31.72287594,1575.873521,0.217125772,6.442761087
1187,115.6199089,77.77244635,306.3015391,36.17413263,2,3,2,-3.089349143,2,25.64573173,25.74001035,8.515989728,32.70848686,1250.934438,20.75455781,10.07577364
1379,62.28387362,69.2058672,360.0596704,41.34022853,3,2,3,1.864633583,3,12.365063,35.99360103,13.60084585,33.19494964,1467.179601,32.83894249,9.143355883
1492,81.3050721,32.06342527,312.4817669,12.67027402,3,2,1,2.023046449,1,11.14754998,80.37623322,10.26489542,31.65814229,1632.730741,42.63456891,11.68664774
1040,37.42366295,86.87592887,379.6596241,42.54760596,1,1,2,7.033949993,1,1.70261786,42.47598287,12.00975296,33.68809616,1291.889515,2.539999388,6.632574696
1156,92.87896538,94.87244683,364.1746443,23.87421538,3,2,3,8.742443992,3,35.68240101,79.94295965,7.62145142,33.26468251,1445.427084,31.44959109,10.42667635
1014,92.75057783,30.9572099,387.4726505,42.25649781,3,2,1,-3.766376851,1,0.333817278,32.06007169,7.12981657,29.35782018,2157.892575,42.11677293,10.80878315
1812,62.55552572,59.05929035,378.483725,12.65064931,2,3,1,-0.289440696,2,16.24348248,52.77526865,14.06226849,30.81121177,2092.919061,12.82829343,7.076115833
1064,117.1216588,40.71109936,311.2113648,35.0335035,3,1,3,-0.523428097,3,5.643330466,81.47816443,10.82946957,28.99807296,2200.790592,10.34229094,11.8380949
1856,15.06602577,80.36186459,338.1070676,35.7491062,3,1,2,9.940721874,3,39.83473786,23.38833826,6.890116659,28.93396558,1414.835114,23.44568444,6.338744099
1838,2.033719787,77.73037088,377.456025,44.89188113,3,3,2,3.38840675,4,21.36298232,41.29940279,4.988736698,32.98489148,1255.939216,48.13272113,6.586265818
1520,92.41898541,31.27080965,341.7341473,36.90993447,1,3,3,8.197472442,1,1.731302653,83.68961126,1.396912397,31.71321393,1809.166833,34.67503109,12.3524861
1343,96.85866448,90.1621817,397.2365485,23.3900797,1,1,1,1.390492742,3,25.04037989,61.75684294,12.31474367,32.20664866,1645.620156,21.28180382,9.477561678
1128,14.42486749,34.47784512,373.574045,29.50369931,2,3,2,5.840847256,3,39.62240578,70.13624917,2.539855393,33.12528998,2209.753004,1.141053717,4.901110745
1647,31.86993996,83.78072205,301.5499917,22.82928284,1,1,3,-0.701215365,3,22.22694763,78.9489907,7.72523744,29.94064453,1900.474787,27.88062059,7.710130461
1471,2.106283604,56.55842877,387.9985692,16.86065259,1,3,2,8.676790352,4,15.58205926,56.65174984,9.55918859,30.80953371,2410.534403,17.50452129,5.592754624
1062,35.19703329,46.26178348,310.0804785,18.69758146,1,1,3,1.827193615,1,8.197155473,79.17561307,11.16117158,32.24762162,1279.568308,9.367110743,6.802658674
1138,92.77702487,32.65914101,314.0523724,17.7703687,1,1,2,7.05588246,3,-0.854446333,64.71351995,1.250153372,28.67640287,1672.779275,25.0573903,10.37345427
1498,62.15526333,33.40914049,373.4492401,29.20853656,2,3,2,-1.16274675,1,5.271083455,67.99553154,0.160292085,33.83137857,1726.812782,17.13499343,8.90673467
1592,41.77147118,72.95124438,386.4968559,41.71562221,3,2,2,5.404065129,3,19.91293508,30.69981186,10.59012744,30.40414737,1363.656264,2.032361671,6.178697824
1391,44.60871539,64.03443104,353.6349628,41.94543191,3,2,3,1.077376066,2,28.92035644,85.73131805,6.815869121,32.61127089,1957.920646,36.30275041,9.141127809
1674,0.162435086,29.76683373,328.9049733,11.91673221,3,3,3,-4.528408655,3,34.50689006,75.72590453,2.717030398,34.96895431,1252.263178,36.65588771,7.101588941
1418,35.97606331,29.01582884,335.1315545,12.79647903,2,1,1,1.195123806,3,30.71705127,37.79371973,14.73041118,31.32753712,2126.542667,30.97968934,7.880891842
1288,77.575049,25.78484598,334.288933,18.579167,1,3,2,3.250324626,4,0.645934062,60.59962665,11.87031233,29.50533915,1248.676109,42.05695061,10.40558621
1378,116.9033333,79.50138779,332.6678104,18.92708084,2,2,2,-2.723575791,3,29.80569483,46.35261334,8.677695917,29.51503379,2335.513673,10.23875903,8.935140833
1772,101.6472992,76.95056682,324.2909672,13.32112113,2,1,3,-2.241303422,2,21.17220458,66.22813992,10.53160639,28.42263351,1284.535063,14.38145743,8.42040082
1489,2.831395757,24.67447927,360.8867095,23.59621694,2,1,2,1.972941975,3,16.10984009,89.56227902,2.325351847,33.36957611,1793.254239,22.98692357,7.118296014
1230,107.8272726,64.82160605,390.0405319,30.57038874,3,1,3,0.140945687,2,20.77438533,23.2022478,14.43337793,30.05401938,1402.001018,3.102741681,8.404259612
1040,93.9838096,26.77409242,330.7082413,30.23567702,1,2,1,1.61110807,2,-4.636610205,86.67665466,14.94550619,29.20908034,1373.058919,44.18893442,13.38944279
1027,93.64513483,92.29966165,318.6694297,29.02003884,3,2,2,1.91240484,2,-1.952139066,25.06739325,9.726682646,32.99587224,2137.580396,24.58236753,10.24421192
1134,54.95949108,92.56939353,383.8577666,21.85351737,2,1,3,-2.898859344,4,18.66321756,52.25352451,10.02468902,30.16395649,2206.526355,16.30069579,7.002024987
1200,47.76063515,75.85863919,374.1783331,34.72594899,2,1,3,-2.282081371,1,2.812866227,53.74764404,10.56687789,32.20328263,2160.958813,23.95037602,7.412948676
1839,36.34988746,94.09511372,393.0837032,38.92693793,3,2,2,7.722480902,1,19.54934285,38.81071182,9.986793352,30.9247835,1725.189407,16.3239781,6.068385505
1779,7.883383075,84.91624243,316.5519736,22.11959933,3,2,1,-2.55921966,2,10.93961073,59.66895002,6.578112427,30.33906911,2488.021848,14.38454468,4.321714027
1929,27.38824362,86.28308607,314.4251314,12.99373758,3,1,3,4.988714995,4,35.83354093,78.37749024,8.110143558,31.42600717,1641.959593,22.45612012,5.718007942
1032,29.5924362,65.57662805,354.1429394,20.37155879,1,3,2,1.277920702,4,37.73575423,40.57735268,4.240892962,30.19655268,1518.863429,24.14704315,5.649020889
1047,58.08924837,44.48473586,361.4433655,14.80790291,3,3,1,9.52355029,1,39.09028509,24.92834564,6.702718746,34.09395443,2495.457048,21.72393513,7.246204952
1502,89.69332879,37.42392921,348.0173442,26.35755545,1,3,3,-4.008434572,2,35.45220981,64.25985904,6.54154959,28.51128213,2470.459847,27.44175456,10.66541056
1406,56.85717941,46.17600176,359.8966636,15.4577303,1,2,1,7.45583299,1,39.3650883,72.62215904,4.322106335,28.21107537,1969.386767,39.19061221,9.406508796
1573,6.941333934,70.27963441,318.0379769,26.19956652,3,3,3,2.371738467,1,26.77662066,86.81661069,11.80057229,30.84475119,1471.750932,2.957682764,5.003859572
1727,114.9347761,33.81252287,347.9613754,17.73510123,2,3,2,-4.919714437,4,38.2244026,31.16672528,6.145080066,29.20990544,1510.048504,40.59478246,12.07685514
1804,113.1269183,40.69121893,365.8092561,35.85558869,2,2,2,-1.045096716,4,23.88066095,83.09519061,8.275729185,33.20608519,1877.151079,11.50386618,11.67509846
1098,94.22274518,57.44486902,343.2706449,10.96488843,1,3,2,1.115452788,3,31.41463931,53.7486434,2.341357848,30.47403738,2208.934166,12.67943654,7.601020711
1683,118.9593482,38.64400788,367.9447336,29.41612063,1,1,1,-0.287078698,4,0.935949673,36.50307659,7.124503503,29.83006399,1300.690388,30.0133778,10.81034375
1871,65.33787994,67.09149358,345.1191281,15.93208962,1,2,1,0.43674196,4,25.71698144,87.39239291,11.42182997,30.51567024,2093.971521,48.78599801,10.31031772
1725,115.532202,93.85408228,333.3599581,10.03471526,2,1,2,8.750078637,1,36.89964892,36.69004894,6.667884587,29.53638752,1334.044104,0.968226744,7.563235977
1986,9.072604874,79.84714926,330.3605047,40.42200308,1,3,3,0.414010486,4,19.30217087,71.341093,8.366120758,30.09756735,2297.343968,33.68936612,7.378986622
1546,43.88168979,73.31412913,341.0902059,33.50347257,1,1,1,1.282440691,4,3.406887109,74.94207449,10.52559876,31.975897,1891.753689,34.87517058,8.177638454
1960,27.04575216,66.61771808,302.3089623,13.46299877,2,2,1,6.416973304,1,18.70998523,50.13633367,5.834633619,34.04822782,2486.602318,28.72522462,7.393114169
1738,23.4999701,59.03583274,366.8525138,33.24253287,3,3,3,6.907503486,4,26.81234473,68.29893913,5.299238289,30.59608551,2178.876902,0.583536708,5.45471952
1612,16.89635387,34.92510877,384.5105641,31.40765665,2,2,3,-3.738655223,4,29.64048246,60.07339525,1.286129371,30.24470244,1846.397255,30.35695466,7.158108064
1942,74.68963699,91.57683643,335.4627094,26.56748405,3,3,2,5.561050519,3,18.56659045,33.44229267,8.734085915,33.47252915,1383.530294,5.839563322,6.54254014
1461,93.75862269,39.88288016,304.6033136,24.67403344,3,2,1,2.238579305,2,4.78156109,73.19215175,10.60437824,28.15698468,1905.114349,3.995577694,9.689173091
1642,69.39580793,27.30471021,398.6775597,41.0474417,1,2,3,-2.992191601,3,36.70099549,84.96113014,8.718786923,30.11453428,1348.778157,34.83347309,11.37477008
1768,17.63552515,80.00121434,326.3698255,18.5801807,1,1,3,-1.029341541,4,29.81278374,54.20466383,4.252880176,31.16519573,2376.71112,35.04170433,6.489437939
1004,97.33485239,34.04924275,312.6621122,23.940852,3,2,2,-4.32446754,1,7.180978028,89.60171778,3.935053144,32.20463174,1499.088074,44.50660222,12.36870815
1217,76.31456486,49.75167996,336.9752508,21.51903945,1,2,2,0.403557832,1,31.53158128,49.95757195,2.392314198,29.09243071,2324.976684,0.268685399,7.792634274
1502,46.57988474,22.26279426,373.8557041,36.99203602,3,1,1,-1.168903395,2,10.65381923,53.5815603,0.704862465,31.02998079,1595.073324,19.00011672,8.201626809
1766,80.89563546,30.9654354,329.3916597,42.07628572,1,3,3,0.731550961,1,9.05941051,67.17282598,6.403170543,31.96410327,1488.468137,0.712372748,8.609108051
1397,31.18859751,33.85629046,357.4703204,39.74235946,2,3,2,3.705108213,4,33.83844823,33.0039101,2.407804819,31.57175321,1595.50698,18.29666106,6.697371404
1870,41.42306502,24.35281022,341.5559994,37.91963756,3,2,1,5.985093281,3,34.29558431,83.1362207,10.36196551,32.02185755,2119.820404,24.63373112,9.601389307
1794,110.0983012,72.53255653,311.7763992,44.53764809,3,1,2,4.080279798,2,12.93166313,76.0890958,14.42599514,32.63678787,1882.78024,26.53348516,12.65306424
1392,34.86054068,86.96062366,333.0287012,34.40005926,1,3,1,5.175659534,3,-4.598473771,81.06921005,1.102223334,30.65560868,1339.714234,17.86104241,6.172639759
1206,56.39859218,49.86523251,372.4870506,36.28688269,2,1,3,7.984586809,1,3.395452963,62.66910057,13.39433676,28.44545019,1378.176722,36.29253827,10.48701049
1014,106.8169365,89.96611814,361.2003897,44.39808889,1,2,2,8.107366652,4,35.91833477,81.86235728,9.865741327,28.38889398,1692.088574,20.83818665,10.55849141
1857,84.92656203,37.06772596,311.977838,10.24467749,2,1,1,7.910790225,2,35.44372017,67.59807411,12.90418471,34.01100253,1640.106574,25.90461446,9.94648919
1553,7.46438714,46.03123388,316.332241,32.19169318,1,2,1,-2.702466268,1,15.40051366,55.80926299,2.324382768,32.74193452,2307.256035,40.02437129,7.089250612
1891,17.67636531,32.05895944,364.0733359,35.86400362,3,3,3,-1.233962996,1,8.685251827,85.22535628,13.59723043,33.34929278,1943.929148,8.79770804,6.303347504
1460,0.940990893,69.64473563,381.3415414,42.12394688,2,3,2,2.534879574,3,8.623673145,50.78038382,14.36807732,34.50163234,1442.729482,16.1126721,6.067301116
1690,75.71061483,53.58956727,334.9474496,40.93455065,2,3,1,0.38108941,1,35.37376612,55.03988988,13.60071163,33.25381082,1236.845899,26.11933707,10.1255891
1574,53.72081105,69.06266775,359.5310752,39.46862384,1,3,1,-3.024965476,3,9.612998994,31.86806116,11.78249447,32.84610888,1333.072037,38.40414943,7.977275296
1863,16.11298211,80.93399243,317.0643589,43.10269452,2,1,1,-0.683746481,1,18.02111169,86.33613069,1.354563859,32.59030977,2110.535188,21.32523583,6.517722893
1742,114.9520945,63.65624128,331.1376337,28.80827158,1,1,1,9.631431425,3,27.89549728,35.47369659,3.31096607,29.81001369,2301.226447,3.731061936,8.571435267
1240,63.55916687,70.21042839,302.0270206,10.24220335,2,1,2,0.203901332,3,4.426646872,34.09911469,13.69702817,34.7010585,2217.299404,49.44264354,9.167873236
1563,29.02719529,94.82002515,376.8275948,10.38690395,1,2,2,1.283711024,4,6.422758671,27.0836223,3.441364458,31.79431016,2226.838118,35.42474506,5.985324176
1095,60.07242854,43.92514477,340.100982,29.06236695,1,3,1,-4.903978672,2,11.11278519,51.73516158,5.215710485,29.55451726,1539.24923,36.16448328,9.581487465
1899,81.55443993,48.73311509,381.6125574,25.23452836,1,3,2,5.791223197,2,24.44005252,39.15301849,0.757153418,29.46878348,2485.811841,23.30873508,9.162567543
1733,9.148706157,77.41626894,370.8372996,25.79357687,3,3,2,1.203250983,4,31.7870793,71.85467004,9.421395069,33.70686138,1312.331098,27.39729884,5.784014522
1484,32.96445781,68.90444136,382.8744266,24.0141658,2,1,3,-3.452899057,1,19.60175935,41.52651341,8.449513834,29.75146021,2267.423938,49.70301734,7.505022782
1406,96.83585891,34.28263236,328.565867,42.12040332,3,1,3,9.528351075,1,0.981793149,70.45391832,14.42657502,28.28998479,1325.862456,29.79627361,12.5944079
1230,55.15978445,50.0917848,318.510873,22.57096229,3,3,1,6.661498189,2,15.08104854,33.71727579,13.38516953,30.99888591,1547.790696,11.02458036,7.651400667
1748,65.58925704,57.42704105,397.1905683,39.96794296,3,2,3,5.892251341,3,0.746082496,36.09760904,7.589158363,33.72145318,1844.038237,48.22254901,11.61358179
1654,51.93792027,53.55118704,371.7327787,41.60026778,3,1,2,9.368085023,3,-1.026627365,76.43219123,9.140059546,30.90107749,1269.343002,26.93435785,9.413401344
1170,5.267993117,34.26198467,383.4042268,27.48256195,2,3,1,1.112201268,2,21.53275464,45.97654863,6.197952302,33.62483304,1712.422749,1.131600109,4.6193859
1540,19.88997358,93.95440734,301.3133374,25.64283131,2,3,3,5.778003104,2,38.02954503,27.82417829,1.986887061,33.79047683,1655.148697,28.71023875,5.869688191
1035,53.46499665,80.98550094,335.446162,36.63572115,3,3,1,-1.906881539,4,32.6925325,87.29826636,13.01685893,34.00395014,2041.323706,3.61673259,7.01727271
1524,25.10225585,58.50846657,374.2816691,34.77900277,2,2,1,5.456808212,1,29.85120681,32.41745095,8.243078715,32.12229889,2133.417459,26.42665669,6.915063772
1159,5.997483439,74.40488226,307.7982833,21.49872908,2,3,3,-4.788813617,3,27.71751846,30.51379831,6.380881858,32.89629539,1317.643891,41.28405103,5.146897145
1838,101.2379597,91.78261377,356.733993,13.58918441,1,1,2,-3.105419293,4,35.37075357,45.08674443,1.026981091,29.83301343,1249.489022,26.98943192,9.12234915
1698,117.7431035,30.89393139,342.9072767,19.26983401,2,2,2,1.378883779,2,28.87757879,26.69436385,9.980751125,28.6978856,2208.658719,18.73532136,10.74148713
1242,95.17714488,40.02984406,301.7616507,14.5859977,3,2,3,-4.818609578,4,23.20948054,30.89314632,5.994973586,31.72946367,1886.388803,44.14222657,11.23673505
1085,102.4541906,63.41609978,323.5975577,20.31562965,2,3,3,1.929487832,4,11.41060361,79.25112183,3.805437994,28.07407325,1895.02778,46.38674489,12.70109722
1795,29.03725564,83.92082971,328.4791989,19.1637548,3,1,3,2.841876236,3,-0.457524956,32.0054799,13.15129908,31.26016496,2474.931673,17.43980002,5.058622287
1577,115.2752371,22.90039164,311.1859946,32.31989984,2,1,3,4.324098964,4,15.74650137,27.79987696,2.754477515,28.71465534,1769.063991,24.99764412,11.47556338
1681,23.63108453,98.72145202,363.153691,43.407361,3,3,1,-3.494199845,3,36.61529063,81.59702758,7.725298117,28.7589421,1455.050278,49.14782257,8.502312397
1556,114.1715772,56.39252823,324.2397876,34.00103063,2,3,2,-2.284821303,2,21.23951194,51.06575557,11.93634028,34.09548391,2084.833481,8.98723221,9.779148141
1573,119.3783153,48.73849125,327.76195,42.43272928,2,1,2,4.199250561,3,3.302688095,31.0014059,12.7361216,32.48362735,2260.38148,14.97784648,10.78776235
1952,85.40673669,43.41795503,389.8238598,37.44462905,2,2,3,4.872815687,1,24.20604888,60.70622014,12.280581,32.51664009,1853.069012,21.47828054,10.08134505
1645,117.7372478,33.94853661,346.7123093,35.47571677,3,2,2,-4.611496577,2,15.94580053,22.90540879,13.44939503,30.83133673,2099.358967,5.134326041,9.519905023
1795,68.34477355,83.32591271,339.2128147,24.49216791,1,3,2,3.105510432,3,36.91210399,49.91677882,2.135360663,30.89278027,1868.110827,13.67492417,6.768290314
1027,31.14501398,96.43313318,372.3871038,21.3678076,3,3,2,6.77472598,2,2.242295953,61.32196785,14.10687799,30.12175385,1729.557936,27.27996547,6.731536216
1619,52.43950628,53.09158039,390.9613797,39.61970804,2,1,3,-3.963486833,4,27.04052868,86.99840212,0.162043987,31.04050973,1244.561301,11.50205321,7.790485978
1555,71.22731225,96.19365558,302.5036336,41.68876315,3,1,3,1.197592979,2,25.67211092,42.85253346,3.838560026,32.10987543,1425.865357,34.34562077,8.540770641
1339,8.769787443,85.90380923,344.8238847,25.81588728,2,1,2,-0.102330905,3,39.25937103,73.55357676,1.260581193,29.3061234,1823.697736,17.44880696,5.571952207
1797,74.68119175,58.4840902,361.0781356,10.31720844,2,1,3,8.70498438,4,20.4210457,29.28898697,14.18299703,29.83178413,1715.487146,4.580767322,7.586804366
1957,117.7413404,73.92209433,331.8563098,37.73858706,1,3,2,-2.212964102,1,34.22083162,50.3507645,6.3590348,31.46327755,2295.748899,38.25019794,11.94442295
1330,22.81291797,54.79873433,377.2407722,19.97740942,2,3,3,-0.224593803,2,-3.887872811,35.61943109,4.729041073,30.69346211,1340.979704,28.41407358,5.627068656
1639,95.11141395,64.69787266,397.147707,10.34607528,2,1,2,8.476671175,3,0.53013857,54.47274851,2.506311953,33.73640559,1265.165795,41.26097721,10.71823574
1505,108.9478553,24.64370696,394.3427366,38.17459956,2,3,3,-0.040200409,2,10.56723578,49.20623012,2.337268612,33.75180919,1313.278448,18.07156569,11.0613027
1347,113.2441911,75.70107802,326.5982539,28.10949661,1,3,2,2.970211609,2,22.86973287,88.5849535,9.208975291,30.35194429,2081.520471,1.067033825,9.499919712
1472,115.2162725,24.22597156,322.6338278,33.98237612,3,1,3,-4.504469942,3,15.20857052,84.22485985,0.706262496,31.15556696,1972.815521,2.429755847,10.10741989
1230,62.57515665,85.36679575,395.7490531,42.01414374,1,2,3,9.773536543,1,4.121331131,60.75441298,8.914955628,34.83611249,2021.886427,39.79294611,10.3688135
1189,117.276949,85.99575436,345.8628487,28.94108405,3,2,2,7.374200618,3,21.5141683,32.35568445,11.61974058,33.79233258,1403.997897,20.59099648,10.34428757
1224,90.87722486,38.966183,320.8297723,27.61179254,2,1,1,4.516014171,2,20.50145767,58.9869894,9.015223004,29.50962292,1871.258598,48.82164669,12.65164987
1384,19.40057235,45.89302248,370.6996964,20.17317425,3,2,2,-4.088670904,1,18.60013653,75.44575948,12.39868152,29.96160284,2197.97104,41.53238773,8.114822725
1376,57.22801278,58.50483028,328.4420324,20.68178421,3,3,2,-3.876950579,1,-0.924974955,22.66189784,3.978880561,28.58436237,2089.039271,0.904481944,6.025249986
1282,86.19974104,67.73303255,326.7246975,37.87897231,3,2,1,3.174604462,1,36.71614717,50.38205441,1.157572764,32.744762,1770.294146,43.51201198,11.46172013
1957,29.6808379,42.98829294,387.9249043,25.7160236,3,1,3,-0.724033457,1,21.65148867,22.98528404,10.81485925,30.2182671,1334.550667,10.72202208,5.88663514
1632,76.87382203,67.39891237,316.2479153,15.7234173,2,1,1,4.341841713,2,6.879628624,37.07705563,12.42195586,31.75616631,2331.845278,24.36461998,9.223046211
1627,79.99205749,43.82296586,306.4392946,13.30850674,1,2,2,3.972887228,3,25.93381857,26.44802617,7.525148048,33.37699597,1884.065644,25.35545526,8.888020381
1972,19.52396926,24.43925769,326.918644,26.55220409,3,2,1,7.579770974,3,9.305859589,87.24047976,12.3092541,33.85224547,2356.558988,3.080087988,5.714242923
1744,67.81023749,20.20220399,360.6945413,26.27342583,2,3,3,-0.779344089,4,17.7635212,31.81800569,6.868787332,30.27755041,1770.310145,6.370715756,7.163870353
1258,92.59522932,28.09208463,312.3087853,32.87103974,2,2,2,3.667952867,4,10.3509297,30.50727176,2.977914509,29.66072856,1508.116932,21.21006533,9.600153383
1358,59.86747974,83.38005601,347.1594672,26.48736172,2,2,2,6.660449783,4,34.61773119,88.04384765,7.115910264,33.93975461,1599.636913,32.16678174,9.580912336
1709,1.452374013,96.91450499,362.733711,15.02164964,2,2,3,2.361594795,1,39.7291263,56.11771032,3.239259734,30.66889568,1743.594126,13.29440717,3.462806974
1455,1.08461629,54.15729594,384.8736993,27.77310097,3,3,3,7.459654974,1,2.25319294,73.0589522,7.080473562,33.75398698,1998.490073,26.3674082,6.623071279
1410,42.84352128,61.01471628,322.9869591,41.73762914,1,2,2,-3.030856976,3,-3.938947225,42.91202558,2.213273388,29.04834205,2199.584285,19.01885539,7.101677753
1648,111.1432882,31.74785353,381.7346323,15.58044941,2,3,3,6.008466477,1,4.869512814,57.30024942,2.783431071,34.38336587,1515.432821,31.55513894,11.78566983
1317,27.44121355,64.08250821,323.4906261,34.14141243,1,3,1,9.144731373,3,21.54783924,20.47975985,13.24369148,31.3818796,1444.038497,21.27942133,5.128339089
1676,76.12364266,31.57239216,367.6766541,30.78507427,1,1,1,-0.021750185,4,2.827801281,48.617293,1.737872709,29.19093373,1463.456413,42.59649169,9.913170106
1224,26.64910448,68.8971465,343.0673571,36.20050043,1,1,1,0.495046636,3,31.51679911,58.85628505,3.364114201,31.74547705,2414.849713,49.18882902,9.128637468
1818,38.60039876,94.66069341,311.4681242,15.27100957,2,3,1,-3.746754842,1,13.39017596,56.00871144,14.93280076,34.09011187,1413.13351,45.66128644,7.75215286
1233,101.7650508,35.65588314,371.4263463,42.95618679,2,3,3,4.622391694,3,22.47397333,48.40737811,8.640277741,30.72527548,1649.466239,8.513351348,9.161189647
1683,87.46337307,81.16509744,321.7762619,31.73382497,2,3,1,3.286760885,3,15.50280287,75.15353646,8.787288257,29.24643055,1831.627906,22.91316616,10.06530059
1663,11.44791328,21.88019383,317.6623426,39.64748982,1,1,1,-4.394813619,3,35.64975647,55.11485787,12.67456315,32.03589316,1923.064531,22.99500426,7.547332488
1974,51.44424252,50.03977931,335.8322929,18.63123673,2,3,2,6.283180405,1,-3.418909832,64.52843666,7.864794547,33.84126978,2315.510686,42.03927295,9.556897294
1826,3.500371637,28.85988063,365.3290245,35.87945113,2,1,3,7.439267436,2,27.8185853,32.92347921,3.326729302,28.84947643,1346.748996,17.92374726,5.783286044
1373,57.70681759,48.19803533,323.3996479,37.33607465,1,1,3,8.606794062,4,24.347746,80.30500675,6.336998345,28.28985815,1340.417411,27.52513328,8.838656475
1671,79.4920814,33.88295357,318.3661539,23.91023453,2,3,3,3.186011293,2,24.22817639,45.39853273,11.3250188,28.39405446,1611.332545,30.50302226,10.11156379
1607,14.22031483,49.86439921,300.9953626,23.43837085,3,3,2,1.788700524,2,13.62952269,53.74725433,13.08672658,29.61342104,1737.161895,5.664887201,4.38702974
1471,34.66619267,53.40182449,347.1643097,33.02286928,3,3,2,8.142057318,2,-4.294614719,44.65363459,4.098057375,28.05111401,1685.908361,27.94226042,7.277877231
1232,47.74039506,44.04728982,342.8645569,13.26926886,3,1,3,0.980452286,2,26.01583249,82.43350232,3.929628962,31.00070939,1709.472348,12.41739027,6.639856425
1691,110.343723,72.52975596,323.3867744,35.74684526,3,2,1,4.831646879,1,32.32620458,83.05181029,4.914123093,32.88424618,2306.891501,10.41018233,11.28728026
1112,119.1906019,93.5081641,305.3652164,11.50103659,1,3,2,4.230433846,1,-1.164636006,35.69990412,8.943160498,32.97320732,2287.668816,12.59074745,9.363864365
1829,5.389355879,52.04762993,342.9255875,16.67066054,2,2,2,0.582416497,2,14.87278769,72.6900189,4.177635984,32.45698066,2247.151697,5.057664734,4.998982323
1496,91.32095082,35.38745252,378.8205111,33.2450315,3,2,2,-3.696650937,2,2.316768428,27.2018482,13.39705388,30.07340094,2181.864868,3.579539506,7.936711746
1441,44.60688797,41.65782066,371.5282131,13.44132835,3,2,3,-4.67876692,3,22.49220039,22.08952473,14.67011383,33.15156394,1252.506044,32.37863183,7.663061289
1563,47.09498235,88.32006588,386.079489,44.0144732,2,2,1,1.423566108,3,30.35221944,78.56088795,10.18679884,32.03541297,1394.204014,47.05484531,9.10444807
1267,90.5117968,65.73117786,300.9582688,40.39386733,1,2,2,2.218023622,4,25.00179542,29.18247019,14.55449544,34.02825438,2151.850436,34.4311811,9.911696155
1509,110.2111719,56.40088258,396.6419317,31.92058163,3,1,2,7.340174023,4,9.312703172,30.83479025,4.317757027,31.34603861,1973.2971,15.66159487,10.50296087
1806,114.1114313,31.97093772,334.1412253,38.66701095,2,1,3,1.216174749,4,1.287971627,62.46117815,12.2275553,29.26103117,2076.127951,16.81882509,11.72582927
1385,69.25471032,55.97818467,399.0397796,41.0653017,2,1,1,-0.782601879,3,30.74206657,77.17379616,10.1766696,32.44256983,2132.010802,27.11532124,10.01134075
1386,42.85453912,42.27936027,325.2619461,19.08164774,3,2,2,1.931447021,2,9.576258632,33.2720644,3.94787746,29.05548961,2384.774123,43.32846363,7.854812635
1112,94.5058903,95.45305023,347.1536388,39.72940558,3,1,3,-1.430142794,2,-4.003707572,27.99345643,4.776109204,34.74201391,2025.685829,10.20298106,8.147294677
1612,30.12016599,90.72560875,335.3927677,16.81778243,2,3,3,-3.629590833,4,20.71395465,25.41256419,7.329384998,32.92299633,1558.237657,23.47871695,5.178222264
1624,67.68888346,26.71220335,335.5760715,24.46697925,2,2,2,-3.304354495,4,6.100478961,21.73924881,11.87465005,33.29425321,1307.920718,24.99744145,8.337556283
1951,43.02941538,61.33227914,384.2282099,29.53908709,3,3,3,-0.212683102,1,32.85426993,28.15354049,13.08333404,32.7548791,1761.710148,46.56805875,8.841427387
1080,78.79572884,38.00466764,374.641894,34.98618371,3,2,3,-4.809853737,4,1.446484198,85.98843367,9.509205656,28.68291699,2122.804435,26.85402862,9.917158312
1698,28.84786955,52.86216716,399.2151435,11.05494612,3,2,2,-1.6969507,3,14.56603821,26.66977588,10.82364558,31.25709874,1566.471821,39.0648478,5.864353251
1112,22.99115349,90.14783986,361.3514683,20.16782945,3,2,3,6.812847114,3,6.390859162,61.82912819,3.957743064,32.5599067,1356.10311,4.481278877,5.670954863
1001,110.1886904,62.20116159,346.3256604,31.29816844,1,2,1,-1.480742114,4,26.03207286,84.46764722,11.11607325,29.60549111,2498.365134,16.41348828,10.97471353
1641,12.21644195,46.73722347,309.0073863,22.50790377,2,3,1,-3.339057334,4,19.68389092,63.94740985,9.074697195,32.75651475,1744.536675,30.61003032,6.221998539
1219,60.71494893,36.63106833,399.656142,37.12587695,3,2,2,9.2362084,1,30.59444737,22.29220282,3.343813579,33.73919833,1481.209229,33.9141328,9.682596894
1565,26.50233396,84.02598875,355.1530653,32.80782564,2,2,1,4.337051745,1,15.63756589,61.74896651,14.25280457,29.92450986,1413.92272,44.27208632,7.656481906
1854,4.671595599,69.96144123,370.047747,18.20405088,3,1,1,-4.099610758,1,-4.783620581,83.21457148,7.692894141,29.3972231,2321.617094,29.56214487,5.928888722
1996,4.322258195,57.44523683,340.6742387,15.10751429,1,2,2,-4.066340503,3,4.683841624,42.57913246,11.91693029,34.18211985,2265.485042,14.55000261,4.740995597
1735,21.02661265,37.39874831,354.7715708,32.01664478,2,2,3,4.181831885,1,39.96206987,41.95395507,7.884191502,28.03636145,1997.316766,27.00085241,6.656939175
1224,104.0124425,46.73970993,394.2577732,25.76635647,1,2,1,3.101932031,2,13.24052452,37.42045121,13.99405075,29.79022934,1911.341164,35.60534746,11.25583613
1384,33.89744928,96.78747414,316.6419438,15.91349644,2,2,3,-3.974378414,2,22.91057985,55.38812109,2.11919077,30.84711279,2436.870706,39.23882577,6.072512648
1402,114.0551005,61.60719501,329.2372584,21.42309719,1,2,2,-1.635267875,2,35.72192236,36.65599923,8.192319387,32.70581803,1496.74791,47.23475511,12.43609176
1637,69.79467516,52.0559425,315.2059728,20.60663619,3,2,1,8.935643717,1,-4.076411803,70.665214,0.377325031,34.97944446,1740.011675,9.618556869,8.163817034
1129,52.39370277,61.71376339,379.2215904,13.78461903,3,3,2,3.580162157,3,24.68233284,65.14032232,2.960903888,30.59572876,1232.064502,33.08116352,8.990536589
1052,69.61066016,82.31908047,306.204526,29.14181567,1,3,3,1.604880972,3,7.976963829,48.05415308,4.215397569,34.64166108,1744.166697,10.0954069,7.74161506
1683,62.00380623,47.20871492,308.163165,36.72770219,3,2,2,-1.247668821,1,7.566171491,70.57885405,7.089151066,30.56741998,1699.481476,15.96182922,8.602217108
1729,91.05315045,34.29648967,329.8494113,30.14134111,1,3,1,-2.994529365,4,5.118313146,26.89474145,12.30258986,32.8687048,2434.341211,7.223948502,8.787384765
1671,33.89952792,66.79488947,351.4188181,38.92019777,1,1,2,1.039475262,4,32.02281473,72.46698824,6.999817508,29.15756912,1665.702166,38.67238782,8.637514669
1709,42.36604699,73.21632828,340.6274801,14.46489915,2,1,2,8.83549839,1,11.78264796,62.20357271,8.417807993,31.22285501,2285.226037,45.70857607,9.263305763
1415,107.2913163,77.01744024,304.4816311,25.24641502,1,2,2,-4.269329065,3,-1.979755778,64.1058013,13.86081541,34.09891463,2196.571757,1.593447232,9.540969659
1246,113.5747816,90.55900726,395.7491558,31.32952863,2,2,3,9.864682239,2,-0.641697895,24.52645902,11.34798697,30.23996066,1391.453665,40.69405094,11.18409251
1835,107.1069873,49.69392966,395.286952,33.66005463,1,3,3,-1.882809197,4,1.687646321,63.26945082,0.753050823,28.73641819,2451.53239,12.16359362,9.370157921
1438,50.33375927,26.0283917,327.9356323,34.35252072,2,1,3,1.131510406,2,35.45174143,54.58854167,2.646938861,31.65899335,2020.255475,24.39976355,8.158178508
1202,93.64386036,96.66788669,373.1525615,35.51378995,2,2,3,-4.324230378,3,14.23495419,54.01037516,0.573262682,31.0767428,1975.515685,37.43613707,10.18464932
1183,57.160288,54.80095419,357.8575411,32.80004343,3,1,1,3.771733047,4,36.22222028,42.52973799,1.035843912,29.60677741,1215.217077,25.39203067,8.283335809
1122,59.70478226,69.86060077,323.7476695,13.29798311,2,3,3,2.253328981,1,31.78657627,20.53297183,5.08282203,34.33930658,2108.974032,11.63936996,5.829343241
1400,24.56161309,73.30442585,326.2171552,34.33569872,2,2,3,5.000605521,2,32.70471796,49.584618,10.91787756,32.21180717,1272.317524,45.31766848,7.939370112
1766,70.93563639,63.7210967,349.1153174,35.36739299,1,2,1,3.140171909,2,7.907431501,48.0641357,3.665293392,30.43021535,1440.995055,29.71977388,8.666424665
1293,22.33630773,36.42060238,341.9236941,44.7717977,2,2,3,0.97266677,2,7.209148572,49.59637851,5.884293937,34.97291867,1328.207277,46.5696536,8.888775771
1279,39.78776389,80.41144401,329.1229328,34.26768528,3,1,2,6.066350467,1,20.20307709,62.83958046,5.908119922,28.96296342,1691.6677,42.34740276,8.54239573
1836,102.6036242,84.30015794,380.7511596,34.03906385,1,3,3,-4.624683083,1,13.80662329,40.993435,8.854598255,33.93566059,2234.424953,43.84172336,11.77717557
1883,24.84909711,64.23804688,348.1462918,28.01846516,2,1,1,3.115435313,2,17.90773097,38.85684145,13.39378511,29.61437455,2119.59601,18.14946548,6.504771204
1609,8.538994221,59.08489285,365.4848062,40.3773018,1,1,2,-3.291856943,1,-2.605810916,54.84468956,14.74840925,29.67654801,1338.703686,49.36702502,8.301149555
1197,8.280911114,29.11505465,318.92735,44.88921667,1,2,1,1.540124996,4,38.72155861,61.46223732,9.069164465,31.48713539,2237.999551,42.63448374,8.365985223
1981,112.8941425,26.71613292,353.3507663,37.26657046,1,3,2,6.866879753,3,-2.382403647,59.71298987,7.576057198,32.63359379,1799.101283,16.94658888,12.33534879
1906,60.83045256,47.16518765,331.7976049,31.43751323,1,3,2,-2.863088806,4,3.047408395,81.71492139,10.22813528,32.83324168,1242.420011,44.83112634,10.67009076
1510,49.12944862,44.86769244,352.641361,12.76341894,1,2,2,9.037155232,1,25.51902362,73.84008408,10.02046871,28.15489345,1490.974398,37.78911223,9.3519302
1751,97.30542972,96.29251608,378.0825833,35.43586961,2,3,1,8.327570386,3,1.997569828,23.65329275,7.85918794,30.00800567,2220.741186,36.28433759,9.386856342
1143,100.2991113,82.6898194,376.891321,34.7996549,1,2,2,1.223576063,2,-0.190853253,59.44327906,11.05434448,32.62422853,2153.289661,0.41066894,8.605694163
1608,39.86292397,72.79394362,335.4220678,37.14488517,1,2,2,-4.910377389,2,1.912917162,49.24699466,7.369071045,34.22814356,1444.85646,1.226139092,4.669938365
1200,83.2341669,61.41184712,369.4277117,14.35943859,3,3,2,6.8461724,3,-2.213589055,45.27359054,14.94687639,32.68923622,1249.398784,34.77014744,9.830314517
1123,92.5347379,33.38940246,394.128995,32.8806375,3,3,2,8.213437051,4,6.309343312,87.05271343,0.734959552,29.8611692,1583.762527,14.00630889,10.95320794
1186,78.55808242,98.27653377,362.566933,20.35033667,1,3,2,-2.378928615,2,7.200367196,51.97570478,6.648234327,31.55440924,2233.404966,3.020065524,6.009739386
1325,18.19140898,50.00325586,314.8410123,36.60949352,2,3,3,8.742883132,2,17.43799394,70.36044265,5.955365159,32.53303493,2419.907627,14.36895793,6.806128106
1463,105.10597,28.5540482,367.9708629,18.41308839,3,1,1,8.711459159,2,14.74251327,87.6960879,11.55455935,28.94737546,1944.751325,41.91168277,13.88396575
1348,64.69134633,59.50391166,310.4904386,33.93925369,3,2,2,2.069362766,1,16.31710368,30.57000951,2.862380346,31.81434832,1318.435011,23.58352868,7.738555256
1770,33.89669116,89.91984093,387.2110409,20.32475314,1,2,2,6.970522162,4,22.72177769,23.82313835,6.51113247,31.3016636,1852.712002,30.81740501,6.107987564
1659,51.02738225,90.98328014,351.6660496,10.31480025,2,2,2,1.674219674,1,5.393264406,41.95341606,10.46916805,30.35653624,2498.428784,40.04522017,7.134398841
1763,4.508530848,20.87727328,338.5140736,32.16752692,2,2,2,3.460693989,3,1.061685899,23.11109857,9.047877995,32.36476368,2420.269716,16.23638615,4.934346972
1954,15.34401615,90.90365958,305.7006595,13.96441791,3,1,2,-0.202414853,3,34.54952254,28.17352279,8.176827472,32.45351405,2491.174305,0.65618082,2.941566151
1931,91.86561006,41.7187374,338.0783735,33.07520155,3,3,3,-2.60795982,1,23.52736028,89.41968758,6.524326986,34.80028934,2109.239124,16.23372218,10.92862863
1402,0.001396171,23.11778912,390.3206668,42.39633069,3,3,3,6.198048757,2,-2.270151773,87.21252333,11.280132,30.99813638,1753.915134,47.83825166,8.575422963
1345,49.98789942,87.82322163,302.0982996,43.9236077,3,3,2,-4.979107332,1,38.24732425,68.39048613,9.696376919,31.71887009,2361.068428,24.16602079,9.074460368
1962,62.70122173,89.10934048,347.4648158,18.25730806,3,2,2,3.693290345,4,26.1880826,72.70908997,13.12066538,29.10251807,2363.734602,28.53339943,8.567400896
1510,6.5561304,67.69848639,393.1158091,38.32386297,1,1,2,7.970290396,2,1.826708894,29.83444544,10.9949833,31.83853637,1387.674283,38.04542505,6.775898176
1146,116.7693796,65.95470058,339.4841,22.37436469,1,1,1,-1.680840698,3,38.61104943,61.66649032,2.106113467,28.25260164,2208.001614,5.835175591,9.174266119
1147,27.13503975,85.04962181,342.8175687,41.51599755,1,3,1,-0.006508148,4,11.44333045,30.80889211,9.293070626,29.04914302,2395.102375,36.72340474,6.902901528
1863,36.50384636,82.90476422,357.8560055,37.5621349,3,2,3,3.812287793,3,39.30295359,46.48703093,0.668076498,29.19872762,2368.07558,14.95794688,6.962667604
1710,36.47310147,91.20843788,346.2937334,12.58726008,1,3,3,-1.296946302,4,-0.352596677,44.17415178,5.810562934,32.42847382,2118.883703,19.46925863,6.028277266
1819,27.64999945,64.21979581,316.8601691,24.24979479,3,2,1,7.71230286,4,2.198614767,62.97723228,6.179065601,31.97106249,1898.565836,13.54754422,5.458040258
1488,0.17685865,97.41176742,301.8555539,21.80612391,2,3,2,0.499047507,4,24.58387979,25.57851761,12.82324355,33.5862587,2209.774044,7.761922752,2.479344615
1928,87.52137529,99.69174647,360.9811658,37.48133573,2,3,3,3.724205797,3,-4.003544068,27.24234489,2.705575602,31.25079602,1871.002594,18.13692255,9.670171612
1935,116.02146,29.3235688,392.0806587,24.35999987,1,1,2,-1.608182786,1,-4.158966145,62.69523469,9.653122574,31.32399366,1617.60429,4.822483542,10.17810569
1639,26.91521799,87.96350076,310.6364133,33.96059392,2,2,2,-4.379204945,1,30.63922745,64.52823599,2.885805339,29.13089222,1536.620042,42.25442519,7.818502063
1550,79.56566302,59.98578062,321.0952719,31.08523395,2,1,3,-2.39449601,2,2.550114928,43.79176977,14.23005227,33.19891001,1902.854392,15.36672295,9.178173058
1337,89.02755924,51.00530706,337.0229486,44.14735517,2,1,1,-4.307015936,3,36.34554967,30.28097895,7.94245399,28.02557048,1792.741345,32.71550418,10.7156365
1871,101.8110455,69.04578479,380.8742229,42.82247349,1,3,1,2.029058494,2,14.1653273,82.02559411,10.62320647,30.97423611,1881.843848,14.90510822,9.343472547
1640,50.71550364,24.47724458,326.9260316,24.96948302,2,2,1,3.799560864,2,34.31435594,23.70641585,9.698180857,29.31827564,1538.905981,10.61413168,7.343886674
1778,36.35170868,60.5168895,388.2054404,35.32523741,1,2,2,-4.329871885,4,13.79936128,70.21628623,4.55457786,33.39706947,1967.758058,35.71148921,8.85374627
1987,39.03541608,89.6712456,305.4957875,39.03110329,3,3,2,-3.642766677,4,18.86035022,29.80313027,13.51796641,32.71373952,2060.696746,31.23779064,7.102762425
1952,85.51455997,37.07692129,394.0956621,41.46100139,3,3,2,2.282875402,1,9.243137275,64.61617359,9.408730031,32.94738097,2248.903562,10.98343607,9.447932892
1472,98.01353598,54.11119158,356.0747078,12.38469923,1,3,1,6.987698983,1,24.6134388,66.45590929,7.654770291,29.0400452,1966.983649,30.6435978,10.3433964
1945,21.79367613,95.15847102,365.8777678,20.57275797,1,2,2,4.420137684,2,9.319052467,76.29817459,7.925410402,32.68169852,2182.892043,0.349583719,4.333264727
1150,44.51292098,54.28510702,336.7689523,21.20805143,2,3,3,-3.429346698,2,5.042654403,47.65175576,13.36035786,32.83625597,1420.200924,8.928038869,6.795549832
1414,108.2328236,48.66941059,378.1994286,25.20560829,3,3,2,8.313134108,2,-1.352870962,21.52575278,0.886792093,28.01845959,1357.381503,36.41492352,12.82188065
1989,96.80322236,55.24293185,316.656625,15.92426628,2,1,3,8.761753522,1,-2.404879348,76.77345702,5.835931381,30.22320601,1433.533418,20.56651826,10.28935944
1297,118.1830083,61.55622132,304.8911825,27.3672058,3,3,1,-0.125647582,2,8.768845894,51.08476136,12.62441292,28.61101727,2300.144658,10.26108146,10.7785824
1610,90.50979116,70.55930753,339.5516943,33.21250146,2,3,2,4.240266878,1,28.14130054,79.29628737,0.562728704,32.76975963,1922.994852,25.34522721,9.590779933
1262,47.18342412,84.05542407,385.3695714,27.40773721,2,2,2,2.384907253,3,4.252902985,74.31894648,9.58771829,29.48476069,1791.909801,23.31432835,6.901989007
1763,70.87654008,56.16817646,375.4926837,33.30275833,3,3,1,9.130356529,3,8.465235256,54.88147749,6.048962747,29.85261521,2190.807251,31.733421,9.868496142
1143,79.32171051,85.39847481,351.715597,12.32545711,2,2,2,2.631227994,2,35.73271383,89.95795863,3.068752058,28.54830353,1361.30129,3.719662165,7.818869289
1345,9.414697958,62.69765291,357.2137747,40.65955661,3,1,3,9.399487206,1,23.76208731,52.34525539,9.171073009,31.38664666,1208.070353,40.98554656,7.576953645
1623,65.33963509,47.07844083,312.9892826,42.86742172,1,1,1,-2.009861742,3,36.38750752,68.7553234,12.46591504,28.23122967,1604.254253,3.008011269,7.98849779
1571,85.11849942,72.63606625,384.0681509,31.62675984,2,2,3,0.183051365,1,36.00517153,66.88626739,7.010093315,33.91914549,1523.562634,22.7473782,9.402246282
1880,20.07855648,77.41778038,378.6959683,40.84868495,3,3,1,6.720178601,1,-2.146519288,56.26467005,2.201060841,28.18456228,1599.530079,35.55260388,7.497137853
1001,93.67580609,64.64391805,365.6470394,14.60061058,3,2,3,6.754161034,3,37.97541962,60.97452023,4.592268297,28.43147786,2465.640151,17.30607063,9.2420556
1896,70.05273366,24.52919785,346.6191036,37.9107122,2,3,3,5.982749109,2,-2.696991842,75.90261332,14.72029875,32.48284643,1938.069466,45.51491465,11.50921016
1303,114.2666143,33.59063001,396.4459268,14.17018677,3,3,3,7.89417197,2,36.6528513,60.01292875,1.666378301,34.41853466,1965.845476,37.78606963,11.65691416
1253,5.090675785,42.82381767,387.9031972,24.2803581,2,3,2,5.538192594,3,19.60300465,51.51038137,2.410725303,34.24484794,2052.370074,21.35979844,6.156870579
1651,31.83913651,42.61004848,364.4430494,21.33364871,2,2,2,4.541277167,4,18.99353123,66.34577322,14.85266772,28.58541358,1717.043105,9.272937049,6.213100859
1452,72.18646552,73.87366402,337.1800998,30.49571388,1,1,2,1.883875196,1,27.09688282,22.48563248,13.23152136,30.01912705,2472.668691,2.267601538,6.505595155
1036,35.58718946,21.46789293,361.8022279,20.55300873,1,2,2,2.00631615,4,34.56450718,27.64357125,10.60693117,31.647258,2465.239848,40.10304994,9.001879801
1159,85.73089969,80.45454216,357.5440927,32.30597704,1,3,2,1.092422398,2,22.765205,28.7798466,2.264748802,28.18636617,2200.018907,9.794284868,7.648579432
1008,91.0806339,41.22739798,339.4241988,22.85855512,2,2,3,4.303176996,1,14.14299342,49.80373645,3.608237248,31.70049831,1475.199818,13.5567413,9.690803713
1232,12.30191569,44.8017477,330.6673972,40.12766334,2,1,2,1.099958938,3,0.035020434,81.02426679,2.702733061,31.13435949,2344.255878,0.617880316,4.950810688
1098,61.6625357,62.23278624,340.7010792,32.18593441,3,2,3,-2.787585289,2,30.51441877,65.03062184,9.464322825,32.11887697,1331.195849,1.00952156,7.807972357
1658,61.06686667,37.27404808,357.3911406,17.53544041,1,1,1,-3.402055757,2,0.773207161,88.08329352,5.983033316,34.44220418,2018.863273,11.59787986,7.963404339
1815,44.31369243,90.75770509,342.8134845,21.76452977,1,1,3,8.867084129,2,27.68646375,22.79586786,0.716687043,29.92233514,1794.379684,43.65613746,7.632608087
1207,111.9509835,26.82950235,326.3574488,39.65973107,3,3,2,-4.628916387,3,18.75662256,70.54049314,4.369384541,32.4736758,1250.980375,39.06307012,13.00022587
1130,99.30075838,55.55058898,376.0963318,23.52679125,1,1,1,-3.417991073,3,12.36261661,41.99410902,12.90979839,31.00882635,2375.079113,38.51666844,11.34017713
1403,83.66512583,87.95378156,353.1467496,28.75296729,1,2,2,1.67957312,4,22.58438738,21.62998055,11.940635,31.04590107,2449.420698,41.36903524,9.873325537
1151,85.71919629,69.26751155,306.7675163,32.71296776,1,2,1,-1.056105996,3,29.75602387,77.8148683,9.64517706,32.53089982,2379.612896,9.41201709,7.178150321
1053,55.40593726,43.38636127,336.8316506,22.17333774,3,3,3,1.087733506,4,37.35128283,31.38854804,1.283152713,34.65935477,1450.206838,48.95535794,9.366440011
1119,110.5193425,53.66081662,388.4913457,20.28925208,1,2,1,-3.238289276,1,6.911359728,34.98524368,13.24186229,34.04122054,1632.876472,11.68641235,9.562322004
1672,83.35145127,76.53555043,375.5236531,26.63392159,2,3,2,-3.036395947,1,37.62085721,43.83261011,8.017767131,32.47665712,2442.452827,7.581499562,7.059835782
1919,87.4777274,97.86085947,332.3246784,17.52083402,1,2,1,7.009868631,1,38.24266207,75.18499818,7.41864015,31.23076662,1338.351127,14.80277022,8.200364249
1627,103.4029085,91.45109747,393.8183152,19.94737054,2,2,3,6.386631162,2,31.61337315,63.72134054,14.01095365,30.96794471,1958.296167,26.56962177,10.32396862
1586,32.88859072,47.39462467,307.6602908,12.17274694,1,1,1,-3.436207014,2,34.66467287,38.54027951,0.132660404,33.50993038,1831.179231,6.309087958,5.422731523
1624,96.84850846,99.85583034,396.1234704,20.63895966,2,1,3,5.016856223,2,26.15923812,31.79425368,8.338458103,29.52754479,1397.46822,36.95718907,10.23531762
1967,23.42887235,20.28037308,324.5705092,21.22464327,1,1,1,4.13966985,3,-3.240625103,27.66837659,11.86866587,32.11366581,2352.550741,18.63918178,6.492486407
1419,41.44103427,22.21038046,300.909418,43.66416082,2,2,3,5.70044084,3,20.87853451,30.48716011,0.95535712,31.53467638,1374.400759,28.46398513,7.865354779
1421,40.27325451,85.90724121,343.3808037,30.64050889,2,3,3,2.116733568,4,28.62420533,80.77016072,5.357581011,32.54547492,1970.519049,36.73837758,8.125693159
1103,117.4230562,35.95701495,335.897043,37.55838489,1,3,3,-0.950197587,2,37.37664106,84.58783612,14.66227777,29.31194719,1613.635147,45.10449801,14.54592006
1851,102.7844668,24.86154147,353.9089005,11.58820385,3,3,3,4.95518754,3,20.67033312,87.75704653,3.176790775,32.87030057,1743.375482,40.98541364,12.96120161
1253,84.14038339,38.97184586,379.6772861,13.72878428,1,1,2,0.570361398,1,30.73903052,78.43123191,7.967691501,32.38899856,1474.767498,26.91968686,9.461913717
1226,87.24681139,54.08801232,384.2430802,38.50879363,3,2,3,-1.715706485,1,26.72674229,82.11732275,11.19103539,29.26102285,2012.069785,49.55952748,13.33436795
1111,67.44873533,78.44530163,340.123,31.82423423,3,1,2,1.129435206,3,7.636129985,77.12724503,5.855607788,31.14735183,2485.28073,26.53398548,8.780637468
1509,113.6508801,69.94684212,342.9845744,16.68437107,3,2,3,6.449047534,1,1.962763382,87.06390383,6.1180987,32.75033548,2283.606027,26.8450107,11.69652626
1472,59.55105035,39.0096974,314.817773,24.16783921,3,2,1,2.136897948,1,28.79073979,79.19556591,0.949025282,34.31122989,2088.167614,8.008560931,9.27108431
1098,45.66212518,60.26163585,304.7547609,28.8535375,3,2,1,-0.502036048,4,5.519576253,52.34018771,2.851400226,28.8546974,2183.295665,7.521154752,6.26103222
1152,19.56424043,94.09712843,364.121499,39.52634402,3,1,2,7.478029222,1,6.011119958,42.62780201,13.20913838,28.06117593,2291.072682,8.518186203,5.199788135
1860,94.34467827,85.20062216,306.4437626,12.11441971,1,2,1,8.224656328,2,23.97758074,60.89483222,12.27476461,29.15607911,1814.311224,29.63188591,9.71094188
1913,88.13327185,45.85518279,373.3830119,30.88528013,2,1,3,1.498756357,3,30.50808088,62.57283295,4.569577834,34.92491614,1937.157468,20.81707848,10.08256107
1895,46.12260462,98.58116491,353.9090145,35.09625726,2,1,1,0.620320311,3,21.20494418,60.24401772,5.725669485,33.3785918,2364.127582,19.35563663,7.239416281
1877,3.023209675,76.68963203,319.8582978,44.22621503,1,2,2,4.190484205,2,34.82424192,69.47084399,6.606156354,32.30058313,2104.731534,6.465158797,4.679545395
1337,100.6796793,24.99594845,353.9522944,38.25060274,1,2,1,-4.130383309,1,4.514947116,68.92836052,5.189154424,28.93109147,1376.830167,19.11640157,10.90732323
1705,1.370158014,22.81285706,318.2997717,19.66795597,1,2,2,5.369847409,4,6.358649329,26.10359987,9.808675563,30.91232094,2213.396489,18.96169464,5.715146203
1821,84.44397356,33.47263592,343.8737208,34.83527179,3,1,3,6.734314081,4,23.66299769,39.98657162,0.192426463,33.00667208,1229.518212,31.07863739,9.882345408
1162,116.4308532,78.22846944,379.9560316,36.71472597,3,2,3,0.961628909,2,32.32156831,82.29021312,13.20252084,34.27118914,2301.785091,19.48164399,11.56317238
1719,52.51935938,34.69911407,346.1919293,35.5407425,2,2,1,-2.38076225,1,19.27083108,61.30245378,4.509736403,30.67276278,2224.789119,20.99622451,8.03329191
1956,28.1968086,60.91894154,314.8699318,38.70504238,1,3,1,-4.567724373,2,-4.532829201,42.99672887,13.08560193,34.99782914,2279.969781,13.69989367,5.814248482
1680,84.58452121,27.46080961,372.3828682,41.63054917,2,3,1,4.558683992,4,25.46244081,79.53210547,6.815787264,28.97815489,1230.67031,6.662045205,9.589392239
1995,98.05537704,93.67089263,318.6768416,13.44504541,2,3,3,-0.9650989,1,31.61120949,37.43296,11.64496488,30.70855145,2464.183484,15.07054319,7.650559213
1160,65.57163793,47.51684909,373.8549874,13.66673502,3,2,1,1.958343807,2,7.444463255,48.64399051,12.38669758,34.12778221,1998.371636,2.233990483,5.737383244
1579,116.044233,92.65056452,347.9352289,37.87399961,3,1,3,0.795332825,2,-2.5610797,39.33783402,4.519332354,32.54940927,2240.062911,10.26512744,9.267182409
1800,6.200246599,95.59005135,345.3741759,18.83303668,2,3,2,-2.376728061,1,18.30783901,80.99449466,9.604872137,33.67643645,1936.526834,16.3151274,4.727140876
1397,60.5754718,20.49029179,385.1435038,12.04894977,3,1,1,2.625530027,4,-3.103015084,70.98020808,9.11120964,34.35459397,1641.674111,7.367749967,8.140961462
1276,86.21447368,57.13081498,370.8603524,24.04302133,3,3,1,1.893902841,1,13.72075348,52.21579513,7.140211529,31.55121477,1584.992878,33.2819858,9.647520072
1815,103.5168565,21.97248446,303.2910797,38.69569191,3,3,2,4.362214343,4,-4.198196999,85.26105827,7.043530153,29.64323006,1290.914145,14.11017491,11.92117943
1915,21.51067343,92.6954213,329.6174315,14.42977583,2,1,2,-1.221725082,3,5.123502531,84.92113464,4.578049055,32.85594834,1905.269426,30.81482593,6.390983489
1503,96.00041781,61.47260358,387.0920661,33.51446901,2,3,2,-1.780413802,4,12.49701033,69.80675183,4.652857674,31.94435779,1386.665902,32.22989206,11.18235601
1895,66.32484909,25.99552102,301.8326169,10.12655516,2,1,2,7.215175896,4,0.026765039,82.43955433,8.222274124,33.40854443,1937.7726,22.41968509,9.5280036
1391,47.58644184,28.82213826,354.5253446,13.84081065,1,2,3,5.532883674,3,0.137015679,70.3575185,0.48405927,31.58199628,2012.391089,22.51041152,6.945482494
1134,15.80580343,50.68072196,372.7825669,22.2797621,2,2,1,6.583096775,2,32.21777831,63.97483073,14.00496573,33.67777958,1774.704907,29.1150168,7.025895243
1194,103.8354911,95.21873543,362.1856085,12.92607984,3,1,3,-3.150652824,2,-3.135925996,49.45481125,9.749689845,34.31412233,1403.222292,13.19657197,8.355282252
1400,18.87278498,75.43273213,376.0532202,39.60655836,2,1,3,-1.63940535,4,26.00348119,39.14288335,6.651653097,33.24708119,1762.51959,1.160123863,4.526134614
1639,37.17454311,89.4095093,372.5691849,40.24246761,1,2,2,3.632972743,3,31.65169222,24.21801511,0.927090032,33.20558608,2342.273567,32.28672744,7.322079918
1032,34.80546384,49.31653171,369.2030695,36.44497461,3,1,1,7.858020203,3,0.882505936,76.06089801,9.450187652,32.11032539,1795.462131,30.46541665,8.676069479
1687,104.5696841,23.45709596,382.1539861,18.4867871,2,2,3,8.381719648,1,3.791683053,28.55141566,0.266139941,31.30149408,1645.548296,23.87141512,10.51739756
1459,80.72435931,97.94541098,364.5690668,28.31364763,2,2,3,7.478649434,4,23.86719857,48.72444685,10.19800793,34.8081136,2018.693146,43.80070396,10.26416809
1954,95.60176766,21.37383925,340.2418494,16.44659839,3,1,2,-4.349030809,3,9.204097573,36.424395,1.087866713,32.51578772,2004.520946,25.48037915,9.849879256
1882,30.05614786,95.81213225,347.190911,19.84474575,2,3,1,7.31318777,2,16.43903821,51.82384093,9.841532846,33.88249552,1317.801448,15.24438372,5.783928337
1469,74.98489195,49.49419391,371.6724783,28.06018523,1,1,1,8.486367663,3,32.62012187,42.04886778,6.088316495,31.5378632,1507.437739,35.70526944,10.28616649
1374,68.60951798,20.8072324,387.630603,35.7254833,3,2,1,-4.148763648,3,1.209242712,78.07856924,9.939427423,31.88400501,1842.726107,48.12393567,11.62920212
1021,99.93964521,75.13257854,327.2218801,13.31290331,2,3,3,1.244213407,3,22.88436349,88.47249929,2.077459884,32.64022317,1676.230395,36.8702565,11.27504519
1749,108.7304473,98.44322432,334.2076796,20.38438442,3,3,2,3.049154849,3,37.4078975,85.9088343,1.760743638,33.09986658,1615.943985,45.45150942,11.80477791
1669,1.458812577,97.25005783,393.0739396,42.4317472,2,2,1,-1.508744407,2,-2.414001664,63.56589431,3.711360615,31.13849019,1779.427818,5.724442487,3.004880988
1037,80.88239029,32.8749609,357.8511792,25.01931612,2,3,3,2.750284841,3,-2.299695576,88.54935833,6.172669773,30.4942045,1577.408319,6.137217971,8.79841808
1229,6.220295894,34.49982449,317.8961817,42.86043859,3,3,3,8.289336819,4,19.96340677,48.05058608,3.795464278,29.67593946,1651.713215,7.814824743,4.695034736
1364,65.86303981,65.24311317,366.3695139,44.69901895,2,1,1,8.004137595,3,38.20341082,56.57412108,1.230230766,30.96551796,2205.718731,35.1724364,10.73174585
1562,34.51592749,70.98438611,399.0762156,28.43309391,2,2,2,9.097559219,2,4.921313907,37.97948825,4.875421475,29.47866537,1863.300287,19.54638244,7.017153592
1437,36.81319194,79.15343309,382.3453564,20.08154034,3,3,2,2.261646976,4,9.885638637,82.85877725,10.5864135,30.91733152,2334.712663,23.93778534,7.871978158
1775,42.35502041,34.48402884,374.5741137,37.6771883,2,2,1,1.158504179,3,-0.560841145,32.57963848,8.746291563,34.12261631,2433.128334,13.16981375,6.920200095
1282,74.55509389,96.72056694,320.8046654,15.57587574,2,1,3,4.986817285,2,11.30112537,62.73412313,14.44986833,34.83949127,2398.700491,36.83167976,9.766242371
1026,40.08599588,71.0991405,387.6139785,18.82164009,3,1,2,1.251408664,4,-3.005038399,75.96178831,6.538824915,32.03971379,1529.82442,42.28286433,8.989561447
1225,87.92388607,87.76375351,352.5788844,37.47079683,1,1,3,-4.37083106,3,12.5092299,61.67791228,4.992035327,29.02203766,1814.751709,8.094685346,7.293144339
1276,48.54328627,63.20525722,388.9290022,25.17760737,1,3,3,5.798821783,3,19.99694987,25.51426525,10.40519292,30.99288907,1895.567838,9.71743291,5.877530434
1797,8.202384037,53.14214781,332.9827829,17.05382779,1,1,2,-0.785240881,3,38.8752172,62.80128151,6.179381842,32.21453557,2307.847981,17.03609825,5.121306881
1608,94.0511811,98.17463253,306.2051053,32.78940107,1,2,3,-4.263720316,4,31.82745908,73.69555255,9.274639031,30.59540228,1926.726869,14.08031309,8.777774724
1283,34.29099895,66.56970967,347.5975969,35.64666515,1,1,3,-4.690683852,1,31.99294348,33.14797112,14.19430921,29.43609322,1528.530138,26.62367594,6.312167193
1878,51.93202555,89.34988662,326.9837605,14.37749338,1,3,1,8.970419029,3,5.266494606,71.58669992,7.487838428,29.58776989,1911.800848,37.65370265,8.984365703
1959,82.25326599,96.26339171,371.522929,19.6943091,3,1,2,-1.21885987,2,-1.074438402,81.50043957,7.472625088,31.31750222,1257.569843,39.68435735,9.63959573
1480,39.89473886,74.02837016,395.7106553,17.74468644,3,3,3,1.718487888,1,22.13836168,89.05209463,11.62749785,29.51500087,2284.378582,10.50163942,8.022960847
1452,6.790278738,63.91509428,369.0974151,23.29491201,3,2,2,9.258646793,3,18.45121878,48.70414846,11.34114983,29.74665884,1935.799187,8.861534522,5.647256457
1828,44.87052564,20.28086807,388.693393,36.72057135,2,1,2,2.012754682,2,18.24267445,21.76136678,7.743471696,34.11158928,2047.232372,18.24834434,7.313757408
1815,113.3338299,23.20157126,345.3024014,34.97978358,1,1,3,-3.820860147,3,-0.094640621,49.33553003,0.970805233,33.45342223,1461.220869,7.471425744,10.82335559
1658,77.00812768,36.06809728,377.1640737,33.18833686,1,2,2,3.279040709,2,17.22482024,66.21594881,14.71180491,28.38719088,1925.57482,4.680673579,9.095887382
1515,80.57749784,34.88067455,384.3043437,10.21999411,3,2,1,-3.677020198,3,1.766008327,82.39555265,5.659806315,30.24123711,1889.827957,12.2048196,8.531438785
1546,75.87385844,40.38070362,371.0875628,14.97501597,2,3,1,-3.573681824,2,13.99515672,85.66740546,4.750596247,31.72353206,2005.520231,19.75779447,10.21968068
1191,23.87905668,44.39477102,350.7777286,17.81541422,2,1,3,7.772156107,2,-2.202681531,83.67030509,14.7232025,28.42426048,2301.646067,29.43329912,8.180551996
1048,50.20006369,48.80523948,362.586611,19.51845461,3,1,2,-0.65867685,1,33.56016697,66.05718408,13.08202825,32.78219884,2193.899999,36.1916121,8.48837228
1511,90.1127758,53.64301521,370.0506996,15.12492896,1,1,3,5.180053002,1,-4.406896116,67.77661298,4.953249628,30.69111604,1910.936732,11.21829417,9.19929528
1016,12.16474771,27.90930708,325.3084403,24.3610443,2,1,2,2.63386503,4,37.26954128,20.1668665,4.624635836,30.78024937,2361.424014,40.95132377,7.843303237
1171,33.34233313,23.38895456,380.9579261,12.63132048,1,2,3,-1.665099632,2,33.83013202,45.46118704,10.81431214,29.85729157,1665.943853,1.780171002,5.550577502
1219,33.15829302,73.91555593,395.0324539,36.25077666,2,1,3,2.76730448,2,28.86736327,83.47993653,5.014738537,30.33750296,1840.316066,22.25789524,7.61977562
1157,51.84227131,62.98678599,346.5239315,37.57022756,1,1,2,-3.965096962,1,39.2147762,68.27323649,3.771479447,34.03182928,2044.264205,31.69051964,8.305823481
1476,117.6442489,55.53153618,370.1067183,30.09933414,2,1,1,0.208185244,4,-2.578100129,52.75445258,14.6950627,33.52022083,1772.996697,14.63407498,10.94505371
1045,8.100305602,70.75519529,373.7025906,13.1396707,1,3,3,2.842543375,2,23.87186977,27.29766904,8.485653567,34.55040327,1669.843678,34.21622815,4.765772741
1372,62.24411933,86.21435258,366.2247548,41.15291093,1,3,1,-1.574084929,3,33.21859407,37.24216662,11.43746432,32.89298167,1346.112527,43.36596842,8.961717535
1517,21.52376184,54.21543273,354.7115108,43.797254,1,3,2,4.902821953,3,0.697769344,58.84457625,10.6958244,32.04510234,2026.669321,4.559379393,5.915398333
1098,116.4811854,71.2895572,388.1647955,17.08272461,3,2,3,-4.222821175,4,21.31487404,82.82510595,11.33288992,29.81479401,1450.388275,25.67676506,11.41579135
1891,13.59642057,96.28577791,344.8926709,34.66239368,1,2,2,2.272148468,2,12.72648589,26.70686434,13.55084964,32.66798724,1379.731469,1.036648106,4.117753585
1744,48.43212028,87.16995967,306.1102956,39.46785207,1,2,1,5.724936719,2,14.6122201,30.76288111,7.511524993,34.34310662,1436.79876,14.05075688,6.271093473
1036,88.54619818,54.08006484,384.4556376,28.89452329,2,1,2,1.449190884,1,36.06358384,65.85035535,11.30067269,28.48415918,2095.024646,6.933319879,9.36817056
1279,84.54653136,71.57734703,367.3981272,21.31630848,2,1,3,8.11879623,1,19.23931526,40.5904812,11.95220751,31.10149162,1379.867003,31.25132274,9.62676234
1348,50.72743643,34.16567375,384.9258626,26.74955503,3,2,1,4.482891719,2,-0.803207982,31.87926541,14.19576878,29.04552499,2469.106815,12.50931499,7.795997284
1496,41.58290015,64.84177479,313.8547442,27.92940628,2,3,3,9.377393741,3,37.17472782,32.49051756,10.69645055,33.67431537,2186.103789,14.19166867,7.422291561
1301,47.71348543,98.50626329,303.0752941,24.02229655,1,1,1,-0.738172808,1,3.334502675,54.48292583,13.38923699,32.2986877,1710.55512,10.36095157,5.783179673
1180,31.71315158,61.46520922,393.437454,42.54448728,3,3,2,9.081839963,3,35.16865674,60.86209792,1.425571503,34.15754522,1971.267578,12.265745,7.103002105
1606,24.63995264,94.21106394,314.7728306,36.03590888,3,1,2,4.102338848,3,38.69143245,83.30446267,1.891448909,28.44170086,1209.914636,11.33299975,5.606996999
1098,57.96476371,52.58679364,380.9652332,18.44555748,3,1,3,6.177683488,3,34.50268584,57.08720323,2.375192843,34.34011475,2297.891517,34.92377891,9.324592206
1699,32.22405073,99.90758617,382.3209942,30.49450156,1,3,3,8.532416756,3,25.47102,68.3891507,2.172196081,28.47037633,1552.57504,47.79493895,7.11038594
1992,34.49539979,66.33760282,370.8705201,34.10412028,1,2,3,3.26795782,4,28.45983189,32.64801669,1.312782186,30.01324061,1293.448816,24.5625481,5.755048148
1115,78.81072762,23.38151954,313.1262211,14.90547476,2,3,1,7.932711879,4,26.49402597,69.94222008,1.838606787,29.09316023,2185.554571,30.05935101,10.83646205
1190,116.2244798,66.94038374,366.7398625,22.54490098,2,2,1,3.125454094,1,15.72359745,65.40855123,14.93865427,29.01769965,1628.456161,40.92349656,11.63669839
1252,72.43646407,41.96581565,388.9086583,41.69418986,2,2,3,3.987983914,2,7.348887344,35.13274438,4.082775443,29.20168929,1937.803506,23.85769678,9.145871664
1980,9.237536048,22.59850576,342.5531645,29.85105851,3,1,1,1.676478593,4,7.825122848,66.85642255,7.170721607,31.3615251,2297.241014,15.17101595,6.939404579
1927,9.070033662,85.66826438,341.3516854,17.59492111,1,1,1,-2.815421722,2,27.90255376,34.8044431,12.32423054,33.49053601,2208.710769,47.55364359,6.279955648
1982,114.1707865,42.05837096,344.285831,14.29746793,2,1,2,3.3025485,1,23.17164017,61.55044426,1.774570111,34.28794093,1637.88783,45.31721196,13.49677675
1160,35.67489484,83.72388432,308.2271891,28.13794127,1,2,2,9.661723454,3,21.31978153,66.81947932,4.760475095,31.96814151,2329.305562,11.09595217,6.143070211
1255,11.04803833,43.05740664,389.2025569,29.16900031,3,2,2,6.807789936,2,24.36739771,68.53453812,2.389290303,29.1042609,1705.504889,35.18351472,7.477292014
1322,71.88535046,35.54610831,386.9182864,21.7045058,1,3,3,6.212477271,4,29.86538059,83.64866149,0.93834174,28.55433471,1850.030968,32.39226287,10.62024049
1127,74.83785339,97.91484593,399.7909322,32.06456099,1,1,2,4.649632041,2,28.67534116,86.34861485,14.41130071,31.45890734,1996.196271,32.5166792,9.473429182
1017,77.82057841,48.93162622,358.5183141,12.40396402,3,1,2,0.218630102,4,-0.257161739,76.71385667,12.87536754,33.35766164,1292.275067,41.54709065,10.76651488
1792,32.08824334,68.11009692,375.1191636,15.07988926,2,2,1,-2.455772083,2,11.33657724,81.51236792,13.18946992,32.34112737,1976.312987,33.7378705,7.087248117
1734,1.813282106,68.79851943,320.2671906,29.11958374,1,1,2,-1.631725975,4,6.878521155,21.35302182,13.030202,32.07947109,1950.642413,25.94839177,5.112165116
1565,115.8018443,64.83787857,366.7528818,12.16354928,1,2,1,-4.905168657,3,19.2207398,45.38676761,2.318502513,28.3370865,2335.542817,42.31869004,11.52416106
